MDEwOlJlcG9zaXRvcnk2MDk0Njgz,bootstrap,https://github.com/angular-ui/bootstrap,2012-10-05T18:27:01Z,2020-09-21T20:58:21Z,angular-ui,JavaScript,14601,4455,4185,2270
MDEwOlJlcG9zaXRvcnk0Mzc5NzcxOA==,recompose,https://github.com/acdlite/recompose,2015-10-07T05:54:51Z,2020-09-22T13:32:35Z,acdlite,JavaScript,14598,430,374,386
MDEwOlJlcG9zaXRvcnkxMjA4ODc4MzU=,interview,https://github.com/huihut/interview,2018-02-09T09:49:48Z,2020-09-23T02:41:04Z,huihut,C++,14594,36,34,31
MDEwOlJlcG9zaXRvcnkxOTk5NDI1Nw==,delve,https://github.com/go-delve/delve,2014-05-20T19:24:43Z,2020-09-22T21:05:43Z,go-delve,Go,14593,1126,1027,1052
MDEwOlJlcG9zaXRvcnk5NDA2MTMwNw==,ink,https://github.com/vadimdemedes/ink,2017-06-12T06:12:28Z,2020-09-22T22:42:52Z,vadimdemedes,TypeScript,14585,202,178,180
MDEwOlJlcG9zaXRvcnkxNzA2Njg4NA==,pyspider,https://github.com/binux/pyspider,2014-02-21T19:18:47Z,2020-09-22T19:53:45Z,binux,Python,14585,795,542,160
MDEwOlJlcG9zaXRvcnkxMjM1ODA5Nw==,IQKeyboardManager,https://github.com/hackiftekhar/IQKeyboardManager,2013-08-25T11:32:48Z,2020-09-23T03:11:00Z,hackiftekhar,Objective-C,14569,1576,1524,178
MDEwOlJlcG9zaXRvcnk2MTk4NDk=,spf13-vim,https://github.com/spf13/spf13-vim,2010-04-20T16:20:16Z,2020-09-22T20:23:03Z,spf13,Vim script,14568,722,412,384
MDEwOlJlcG9zaXRvcnkxMzgxMjgz,solarized,https://github.com/altercation/solarized,2011-02-18T05:18:27Z,2020-09-22T09:40:37Z,altercation,Vim script,14558,245,96,154
MDEwOlJlcG9zaXRvcnkxMDUwMzYyMzY=,draggable,https://github.com/Shopify/draggable,2017-09-27T15:31:23Z,2020-09-22T18:23:24Z,Shopify,JavaScript,14558,241,145,195
MDEwOlJlcG9zaXRvcnk3NTQyNTA3Mw==,rxdb,https://github.com/pubkey/rxdb,2016-12-02T19:34:42Z,2020-09-23T03:59:41Z,pubkey,TypeScript,14524,404,400,2128
MDEwOlJlcG9zaXRvcnk3NjM0MjI0Mg==,rough,https://github.com/rough-stuff/rough,2016-12-13T09:12:55Z,2020-09-22T23:42:31Z,rough-stuff,TypeScript,14522,106,89,63
MDEwOlJlcG9zaXRvcnk4OTAxMjQyNw==,react-sketchapp,https://github.com/airbnb/react-sketchapp,2017-04-21T18:27:39Z,2020-09-22T18:19:03Z,airbnb,TypeScript,14521,292,266,226
MDEwOlJlcG9zaXRvcnkxMTM5MzExMA==,cli,https://github.com/urfave/cli,2013-07-13T19:32:06Z,2020-09-23T03:48:03Z,urfave,Go,14508,550,505,637
MDEwOlJlcG9zaXRvcnkzMDE2MTY2NQ==,inferno,https://github.com/infernojs/inferno,2015-02-01T22:07:38Z,2020-09-23T01:29:29Z,infernojs,JavaScript,14497,824,788,696
MDEwOlJlcG9zaXRvcnkyMzExMjUyNg==,Android-CleanArchitecture,https://github.com/android10/Android-CleanArchitecture,2014-08-19T14:09:26Z,2020-09-22T13:59:25Z,android10,Java,14494,246,122,54
MDEwOlJlcG9zaXRvcnk1Njg5OTI4NA==,insomnia,https://github.com/Kong/insomnia,2016-04-23T03:54:26Z,2020-09-23T02:30:44Z,Kong,JavaScript,14494,1936,1450,713
MDEwOlJlcG9zaXRvcnkxMjQ4ODM3NA==,Best-App,https://github.com/hzlzh/Best-App,2013-08-30T14:32:19Z,2020-09-23T03:03:21Z,hzlzh,,14487,68,36,56
MDEwOlJlcG9zaXRvcnk2MDAyNzUzNA==,Awesome,https://github.com/Awesome-Windows/Awesome,2016-05-30T17:27:35Z,2020-09-23T04:00:53Z,Awesome-Windows,,14478,76,69,279
MDEwOlJlcG9zaXRvcnkxNTU2NjIzMDY=,homemade-machine-learning,https://github.com/trekhleb/homemade-machine-learning,2018-11-01T04:34:19Z,2020-09-22T23:25:45Z,trekhleb,Jupyter Notebook,14452,18,7,12
MDEwOlJlcG9zaXRvcnk0MDgwODU3MQ==,gotty,https://github.com/yudai/gotty,2015-08-16T09:48:33Z,2020-09-23T02:28:40Z,yudai,Go,14443,196,120,92
MDEwOlJlcG9zaXRvcnkxNzQwMzgwMzE=,react-hook-form,https://github.com/react-hook-form/react-hook-form,2019-03-05T23:47:10Z,2020-09-23T04:28:03Z,react-hook-form,TypeScript,14425,1454,1450,961
MDEwOlJlcG9zaXRvcnkyNjc4NDgyNw==,core,https://github.com/dotnet/core,2014-11-18T00:44:57Z,2020-09-23T00:05:09Z,dotnet,Shell,14422,3574,3314,1214
MDEwOlJlcG9zaXRvcnk1NDQ4NTMw,ratchet,https://github.com/twbs/ratchet,2012-08-17T05:41:57Z,2020-09-22T19:18:14Z,twbs,CSS,14414,536,334,335
MDEwOlJlcG9zaXRvcnkxOTk1NzAwNzE=,v2rayN,https://github.com/2dust/v2rayN,2019-07-30T03:47:24Z,2020-09-23T03:49:30Z,2dust,C#,14413,937,659,70
MDEwOlJlcG9zaXRvcnk0NjgwNjE4NA==,charts,https://github.com/helm/charts,2015-11-24T17:05:28Z,2020-09-23T01:29:53Z,helm,Go,14412,6162,6048,17625
MDEwOlJlcG9zaXRvcnk2NTg1MTg=,ipython,https://github.com/ipython/ipython,2010-05-10T04:46:06Z,2020-09-23T03:43:24Z,ipython,Python,14394,6464,5117,6031
MDEwOlJlcG9zaXRvcnkxNTgyMzQ2MA==,redisson,https://github.com/redisson/redisson,2014-01-11T14:06:25Z,2020-09-23T04:01:40Z,redisson,Java,14368,2736,2574,331
MDEwOlJlcG9zaXRvcnk0OTIxNzAwNw==,setup-ipsec-vpn,https://github.com/hwdsl2/setup-ipsec-vpn,2016-01-07T16:44:12Z,2020-09-23T00:13:15Z,hwdsl2,Shell,14336,793,792,55
MDEwOlJlcG9zaXRvcnkyNTQyNzgxNw==,react-dnd,https://github.com/react-dnd/react-dnd,2014-10-19T13:29:28Z,2020-09-23T03:58:54Z,react-dnd,TypeScript,14336,1294,1133,1461
MDEwOlJlcG9zaXRvcnkyODg5MzI4,WordPress,https://github.com/WordPress/WordPress,2011-12-01T07:05:17Z,2020-09-23T00:28:27Z,WordPress,PHP,14315,0,0,483
MDEwOlJlcG9zaXRvcnkxMzE0MjEyNg==,riot,https://github.com/riot/riot,2013-09-27T05:21:01Z,2020-09-22T14:11:53Z,riot,JavaScript,14299,2105,2101,754
MDEwOlJlcG9zaXRvcnk0OTAwOTk1MA==,HowToBeAProgrammer,https://github.com/braydie/HowToBeAProgrammer,2016-01-04T16:47:54Z,2020-09-22T20:41:46Z,braydie,,14296,21,17,99
MDEwOlJlcG9zaXRvcnk4MjA1NjAy,mybatis-3,https://github.com/mybatis/mybatis-3,2013-02-14T19:03:32Z,2020-09-23T03:14:33Z,mybatis,Java,14293,1036,916,1026
MDEwOlJlcG9zaXRvcnk3MDEwNzI0,cat,https://github.com/dianping/cat,2012-12-05T02:31:48Z,2020-09-23T03:35:08Z,dianping,Java,14277,1044,969,994
MDEwOlJlcG9zaXRvcnkyNTEzODM1NTM=,CnC_Remastered_Collection,https://github.com/electronicarts/CnC_Remastered_Collection,2020-03-30T17:48:04Z,2020-09-23T01:22:44Z,electronicarts,C++,14266,82,16,21
MDEwOlJlcG9zaXRvcnk4MTczNDU=,git-extras,https://github.com/tj/git-extras,2010-08-04T16:32:07Z,2020-09-23T01:26:39Z,tj,Shell,14261,322,230,554
MDEwOlJlcG9zaXRvcnk1NjMxNTcxNQ==,NativeBase,https://github.com/GeekyAnts/NativeBase,2016-04-15T11:37:23Z,2020-09-23T01:55:25Z,GeekyAnts,JavaScript,14259,2508,2346,743
MDEwOlJlcG9zaXRvcnk2NTA4MzMxNg==,Awesome-Linux-Software,https://github.com/luong-komorebi/Awesome-Linux-Software,2016-08-06T13:16:29Z,2020-09-23T01:35:18Z,luong-komorebi,Python,14253,104,94,412
MDEwOlJlcG9zaXRvcnkyOTIxNzA1NA==,go-micro,https://github.com/micro/go-micro,2015-01-13T23:30:18Z,2020-09-23T04:10:53Z,micro,Go,14250,705,675,1304
MDEwOlJlcG9zaXRvcnkxMTA3NTUyNw==,vim-airline,https://github.com/vim-airline/vim-airline,2013-06-30T18:49:56Z,2020-09-23T03:15:05Z,vim-airline,Vim script,14240,1527,1504,713
MDEwOlJlcG9zaXRvcnkxMjYzNjU5NjU=,litemall,https://github.com/linlinjava/litemall,2018-03-22T16:42:30Z,2020-09-23T02:31:46Z,linlinjava,Java,14240,295,265,134
MDEwOlJlcG9zaXRvcnkxNzkwNTY0,handsontable,https://github.com/handsontable/handsontable,2011-05-23T22:38:58Z,2020-09-22T15:20:30Z,handsontable,JavaScript,14235,6190,5519,1019
MDEwOlJlcG9zaXRvcnkxMzg4MDYxMjk=,download,https://github.com/getlantern/download,2018-06-26T23:52:16Z,2020-09-23T01:20:48Z,getlantern,,14225,0,0,4
MDEwOlJlcG9zaXRvcnkxMzU1MTYyNzA=,k3s,https://github.com/rancher/k3s,2018-05-31T01:37:46Z,2020-09-23T03:25:57Z,rancher,Go,14224,1482,844,814
MDEwOlJlcG9zaXRvcnkxMzc0NTE0MDM=,nacos,https://github.com/alibaba/nacos,2018-06-15T06:49:27Z,2020-09-23T03:10:54Z,alibaba,Java,14213,2806,2489,1059
MDEwOlJlcG9zaXRvcnk4NzYyNDg3MA==,SpringCloudLearning,https://github.com/forezp/SpringCloudLearning,2017-04-08T10:06:56Z,2020-09-23T02:00:18Z,forezp,Java,14190,45,11,13
MDEwOlJlcG9zaXRvcnk4Mzg1NjE2,toml,https://github.com/toml-lang/toml,2013-02-24T03:03:57Z,2020-09-23T02:04:11Z,toml-lang,Python,14189,381,355,384
MDEwOlJlcG9zaXRvcnkyMDU4NzU5OQ==,flink,https://github.com/apache/flink,2014-06-07T07:00:10Z,2020-09-23T03:45:18Z,apache,Java,14187,0,0,13445
MDEwOlJlcG9zaXRvcnk0NTE0Nzg0MQ==,prepack,https://github.com/facebook/prepack,2015-10-28T23:25:08Z,2020-09-22T20:38:48Z,facebook,JavaScript,14160,767,577,1851
MDEwOlJlcG9zaXRvcnk2NjQyNDg3MQ==,examples,https://github.com/pytorch/examples,2016-08-24T03:12:48Z,2020-09-23T01:20:11Z,pytorch,Python,14153,429,221,389
MDEwOlJlcG9zaXRvcnkyMTUxNTA0NA==,awesome-datascience,https://github.com/academic/awesome-datascience,2014-07-05T07:07:43Z,2020-09-23T03:50:27Z,academic,,14151,34,32,164
MDEwOlJlcG9zaXRvcnkyMTExMjQ2OTc=,spleeter,https://github.com/deezer/spleeter,2019-09-26T15:40:46Z,2020-09-23T01:16:03Z,deezer,Python,14146,439,347,54
MDEwOlJlcG9zaXRvcnk2MzIyNjU4OA==,react-admin,https://github.com/marmelab/react-admin,2016-07-13T07:58:54Z,2020-09-22T20:30:26Z,marmelab,TypeScript,14144,2655,2538,2635
MDEwOlJlcG9zaXRvcnkzMjgy,nerdtree,https://github.com/preservim/nerdtree,2008-03-10T07:34:08Z,2020-09-22T21:38:30Z,preservim,Vim script,14140,796,789,378
MDEwOlJlcG9zaXRvcnkyNTA5NTIzOQ==,lazysizes,https://github.com/aFarkas/lazysizes,2014-10-11T21:03:26Z,2020-09-23T01:41:48Z,aFarkas,JavaScript,14132,707,571,113
MDEwOlJlcG9zaXRvcnkyMTgxMDIxNjI=,BullshitGenerator,https://github.com/menzi11/BullshitGenerator,2019-10-28T17:05:51Z,2020-09-23T01:44:14Z,menzi11,JavaScript,14119,141,28,49
MDEwOlJlcG9zaXRvcnkzMTIyNjI=,vimium,https://github.com/philc/vimium,2009-09-20T07:08:19Z,2020-09-22T23:25:10Z,philc,JavaScript,14106,2702,1958,947
MDEwOlJlcG9zaXRvcnk1OTcyMDE5MA==,sanic,https://github.com/huge-success/sanic,2016-05-26T04:38:22Z,2020-09-22T16:23:09Z,huge-success,Python,14106,917,860,1012
MDEwOlJlcG9zaXRvcnkzMjY2ODg=,mustache.js,https://github.com/janl/mustache.js,2009-10-04T23:41:19Z,2020-09-22T18:38:08Z,janl,JavaScript,14091,432,376,322
MDEwOlJlcG9zaXRvcnk0MDQ0ODkx,realm-cocoa,https://github.com/realm/realm-cocoa,2012-04-16T20:06:56Z,2020-09-23T03:38:00Z,realm,Objective-C,14084,4162,3809,2591
MDEwOlJlcG9zaXRvcnkzNjI1NjU0MA==,css-modules,https://github.com/css-modules/css-modules,2015-05-25T21:54:47Z,2020-09-23T03:03:48Z,css-modules,,14084,310,221,43
MDEwOlJlcG9zaXRvcnkxMjA0NDEzMg==,bitcoinbook,https://github.com/bitcoinbook/bitcoinbook,2013-08-11T23:18:28Z,2020-09-22T22:02:30Z,bitcoinbook,Python,13999,269,222,425
MDEwOlJlcG9zaXRvcnk0MTM0OTAzOQ==,dgraph,https://github.com/dgraph-io/dgraph,2015-08-25T07:15:56Z,2020-09-23T04:19:35Z,dgraph-io,Go,13995,2302,2302,4219
MDEwOlJlcG9zaXRvcnk4MzUxNjQ5OA==,pytudes,https://github.com/norvig/pytudes,2017-03-01T05:43:35Z,2020-09-22T09:13:43Z,norvig,Jupyter Notebook,13994,23,15,62
MDEwOlJlcG9zaXRvcnkzODM0MzMy,bokeh,https://github.com/bokeh/bokeh,2012-03-26T15:40:01Z,2020-09-23T04:29:51Z,bokeh,Python,13991,6159,5596,4353
MDEwOlJlcG9zaXRvcnkxODM1MTg0OA==,lowdb,https://github.com/typicode/lowdb,2014-04-02T02:16:06Z,2020-09-23T02:19:19Z,typicode,JavaScript,13982,316,223,106
MDEwOlJlcG9zaXRvcnkzNzYyNzc5Mg==,react-helmet,https://github.com/nfl/react-helmet,2015-06-18T00:07:34Z,2020-09-23T02:39:51Z,nfl,JavaScript,13966,331,204,278
MDEwOlJlcG9zaXRvcnkxNTYwODQ1MzA=,nps,https://github.com/ehang-io/nps,2018-11-04T13:22:51Z,2020-09-23T04:27:38Z,ehang-io,Go,13956,566,502,69
MDEwOlJlcG9zaXRvcnkzODgzNjAxNQ==,aos,https://github.com/michalsnik/aos,2015-07-09T17:49:00Z,2020-09-23T03:26:39Z,michalsnik,JavaScript,13947,503,325,116
MDEwOlJlcG9zaXRvcnk3MzU2MTY1MA==,linux-command,https://github.com/jaywcjlove/linux-command,2016-11-12T15:44:26Z,2020-09-23T03:52:43Z,jaywcjlove,HTML,13940,62,43,132
MDEwOlJlcG9zaXRvcnkxMjM4NzAzMTU=,tfjs,https://github.com/tensorflow/tfjs,2018-03-05T05:41:02Z,2020-09-23T01:02:00Z,tensorflow,TypeScript,13931,2380,1972,1568
MDEwOlJlcG9zaXRvcnkyMTQ4NDc4MQ==,jumpserver,https://github.com/jumpserver/jumpserver,2014-07-04T03:54:59Z,2020-09-23T03:11:07Z,jumpserver,JavaScript,13928,2792,2651,1871
MDEwOlJlcG9zaXRvcnk4NDI0MDQw,p5.js,https://github.com/processing/p5.js,2013-02-26T03:14:47Z,2020-09-22T19:03:15Z,processing,JavaScript,13925,2785,2683,1955
MDEwOlJlcG9zaXRvcnkxNzgyOTQ4MQ==,data,https://github.com/fivethirtyeight/data,2014-03-17T13:49:17Z,2020-09-22T11:58:16Z,fivethirtyeight,Jupyter Notebook,13923,109,76,91
MDEwOlJlcG9zaXRvcnkyNTA1MDg0NA==,Carthage,https://github.com/Carthage/Carthage,2014-10-10T19:54:55Z,2020-09-23T02:52:03Z,Carthage,Swift,13915,1928,1780,1096
MDEwOlJlcG9zaXRvcnk1MzYxOTMwMw==,f8app,https://github.com/fbsamples/f8app,2016-03-10T21:45:12Z,2020-09-22T07:49:26Z,fbsamples,JavaScript,13908,203,187,71
MDEwOlJlcG9zaXRvcnkxMjc3NjkyMzE=,RSSHub,https://github.com/DIYgod/RSSHub,2018-04-02T14:43:21Z,2020-09-23T04:29:04Z,DIYgod,JavaScript,13907,2206,2023,3492
MDEwOlJlcG9zaXRvcnkzNTY4NTAzNA==,react-native-vector-icons,https://github.com/oblador/react-native-vector-icons,2015-05-15T16:38:57Z,2020-09-22T20:20:15Z,oblador,JavaScript,13899,985,711,265
MDEwOlJlcG9zaXRvcnkxMTU2NzU3ODg=,wechat_jump_game,https://github.com/wangshub/wechat_jump_game,2017-12-29T02:00:19Z,2020-09-23T03:54:47Z,wangshub,Python,13894,984,958,262
MDEwOlJlcG9zaXRvcnkzNTczMjIxNA==,SwiftLint,https://github.com/realm/SwiftLint,2015-05-16T16:59:31Z,2020-09-23T03:53:43Z,realm,Swift,13869,1726,1334,1618
MDEwOlJlcG9zaXRvcnkyOTI0NzQ0NA==,blessed-contrib,https://github.com/yaronn/blessed-contrib,2015-01-14T14:18:07Z,2020-09-22T16:57:08Z,yaronn,JavaScript,13861,120,60,80
MDEwOlJlcG9zaXRvcnkxMzQyODI2NA==,ShareX,https://github.com/ShareX/ShareX,2013-10-08T23:32:10Z,2020-09-23T04:22:42Z,ShareX,C#,13856,4214,3852,822
MDEwOlJlcG9zaXRvcnkxNTIyNTY3MA==,jitsi-meet,https://github.com/jitsi/jitsi-meet,2013-12-16T12:51:09Z,2020-09-23T03:38:52Z,jitsi,JavaScript,13853,3826,3420,3916
MDEwOlJlcG9zaXRvcnkxNTgzMzY2NzU=,OnJava8,https://github.com/LingCoder/OnJava8,2018-11-20T05:41:18Z,2020-09-23T04:14:50Z,LingCoder,,13848,162,135,429
MDEwOlJlcG9zaXRvcnk2OTYyNjU3Ng==,awesome-spider,https://github.com/facert/awesome-spider,2016-09-30T02:33:03Z,2020-09-23T02:53:44Z,facert,,13844,31,15,45
MDEwOlJlcG9zaXRvcnkxNzgwNDU4NA==,java8-tutorial,https://github.com/winterbe/java8-tutorial,2014-03-16T17:25:43Z,2020-09-23T01:05:43Z,winterbe,Java,13836,0,0,37
MDEwOlJlcG9zaXRvcnkyNTQ0OTA2NA==,leetcode,https://github.com/haoel/leetcode,2014-10-20T03:22:04Z,2020-09-22T14:34:23Z,haoel,C++,13836,51,34,155
MDEwOlJlcG9zaXRvcnkxMzc3ODY3,locust,https://github.com/locustio/locust,2011-02-17T11:08:03Z,2020-09-23T04:01:11Z,locustio,Python,13833,1008,973,551
MDEwOlJlcG9zaXRvcnk3NjM0Njc3,openssl,https://github.com/openssl/openssl,2013-01-15T22:34:48Z,2020-09-23T02:10:32Z,openssl,C,13832,4687,3537,8230
MDEwOlJlcG9zaXRvcnk3NjkzNzk5,ui-router,https://github.com/angular-ui/ui-router,2013-01-18T20:26:29Z,2020-09-21T20:59:23Z,angular-ui,TypeScript,13814,3162,3153,656
MDEwOlJlcG9zaXRvcnk0MzU2ODgzMg==,Perfect,https://github.com/PerfectlySoft/Perfect,2015-10-02T18:20:08Z,2020-09-22T18:25:19Z,PerfectlySoft,Swift,13810,185,136,109
MDEwOlJlcG9zaXRvcnk0MTc2NjAwMg==,amphtml,https://github.com/ampproject/amphtml,2015-09-01T22:10:53Z,2020-09-23T03:45:57Z,ampproject,JavaScript,13796,11511,9623,18712
MDEwOlJlcG9zaXRvcnkxODIwOTczMDU=,PySnooper,https://github.com/cool-RR/PySnooper,2019-04-18T13:55:43Z,2020-09-22T17:57:17Z,cool-RR,Python,13781,101,86,95
MDEwOlJlcG9zaXRvcnk3ODE4NjgxNA==,incubator-weex,https://github.com/apache/incubator-weex,2017-01-06T08:00:06Z,2020-09-23T01:33:21Z,apache,C++,13779,888,694,2370
MDEwOlJlcG9zaXRvcnkxMjgwMTg0Mjg=,Sentinel,https://github.com/alibaba/Sentinel,2018-04-04T06:37:33Z,2020-09-23T03:34:29Z,alibaba,Java,13777,1191,990,558
MDEwOlJlcG9zaXRvcnkzMTE2ODU3OA==,functional-programming-jargon,https://github.com/hemanth/functional-programming-jargon,2015-02-22T16:04:42Z,2020-09-22T22:21:46Z,hemanth,,13766,63,42,143
MDEwOlJlcG9zaXRvcnkxOTQ2MzYyNQ==,nginx-proxy,https://github.com/nginx-proxy/nginx-proxy,2014-05-05T17:01:40Z,2020-09-23T03:17:08Z,nginx-proxy,Python,13763,1102,560,395
MDEwOlJlcG9zaXRvcnkxMzQwNDUxNQ==,HikariCP,https://github.com/brettwooldridge/HikariCP,2013-10-08T05:43:03Z,2020-09-22T17:28:02Z,brettwooldridge,Java,13754,1338,1096,317
MDEwOlJlcG9zaXRvcnk1ODg4MzUz,luigi,https://github.com/spotify/luigi,2012-09-20T15:06:38Z,2020-09-22T18:49:32Z,spotify,Python,13741,867,829,2128
