MDEwOlJlcG9zaXRvcnkyODQ1NzgyMw==,freeCodeCamp,https://github.com/freeCodeCamp/freeCodeCamp,2014-12-24T17:49:19Z,2020-09-21T23:31:34Z,freeCodeCamp,JavaScript,314882,14757,14559,24373
MDEwOlJlcG9zaXRvcnkxNzc3MzY1MzM=,996.ICU,https://github.com/996icu/996.ICU,2019-03-26T07:31:14Z,2020-09-21T18:50:14Z,996icu,Rust,251694,0,0,1854
MDEwOlJlcG9zaXRvcnkxMTczMDM0Mg==,vue,https://github.com/vuejs/vue,2013-07-29T03:24:51Z,2020-09-21T23:41:22Z,vuejs,JavaScript,172559,9183,8858,1877
MDEwOlJlcG9zaXRvcnkxMzQ5MTg5NQ==,free-programming-books,https://github.com/EbookFoundation/free-programming-books,2013-10-11T06:50:37Z,2020-09-21T23:32:13Z,EbookFoundation,,159892,459,423,3156
MDEwOlJlcG9zaXRvcnkxMDI3MDI1MA==,react,https://github.com/facebook/react,2013-05-24T16:15:54Z,2020-09-21T23:38:10Z,facebook,JavaScript,156180,9580,9119,10076
MDEwOlJlcG9zaXRvcnk0NTcxNzI1MA==,tensorflow,https://github.com/tensorflow/tensorflow,2015-11-07T01:19:20Z,2020-09-21T23:44:29Z,tensorflow,C++,148585,27747,23999,15460
MDEwOlJlcG9zaXRvcnkyMTI2MjQ0,bootstrap,https://github.com/twbs/bootstrap,2011-07-29T21:19:00Z,2020-09-21T23:40:22Z,twbs,JavaScript,144235,19596,19272,11381
MDEwOlJlcG9zaXRvcnkyMTczNzQ2NQ==,awesome,https://github.com/sindresorhus/awesome,2014-07-11T13:42:37Z,2020-09-21T23:26:02Z,sindresorhus,,141217,257,242,1555
MDEwOlJlcG9zaXRvcnk2MDQ5MzEwMQ==,coding-interview-university,https://github.com/jwasham/coding-interview-university,2016-06-06T02:34:12Z,2020-09-21T23:42:06Z,jwasham,,135336,163,136,453
MDEwOlJlcG9zaXRvcnkxNDQ0MDI3MA==,You-Dont-Know-JS,https://github.com/getify/You-Dont-Know-JS,2013-11-16T02:37:24Z,2020-09-21T23:29:53Z,getify,,127583,851,776,819
MDEwOlJlcG9zaXRvcnk4NTA3NzU1OA==,developer-roadmap,https://github.com/kamranahmedse/developer-roadmap,2017-03-15T13:45:52Z,2020-09-21T23:04:35Z,kamranahmedse,,126856,462,433,171
MDEwOlJlcG9zaXRvcnkyOTExMzc=,ohmyzsh,https://github.com/ohmyzsh/ohmyzsh,2009-08-28T18:15:37Z,2020-09-21T23:24:49Z,ohmyzsh,Shell,116483,3527,3312,5710
MDEwOlJlcG9zaXRvcnkxMjEzOTU1MTA=,CS-Notes,https://github.com/CyC2018/CS-Notes,2018-02-13T14:56:24Z,2020-09-21T19:17:31Z,CyC2018,Java,111432,432,378,500
MDEwOlJlcG9zaXRvcnkxMDYyODk3,gitignore,https://github.com/github/gitignore,2010-11-08T20:17:14Z,2020-09-21T23:38:56Z,github,,108098,0,0,3474
MDEwOlJlcG9zaXRvcnk4MzIyMjQ0MQ==,system-design-primer,https://github.com/donnemartin/system-design-primer,2017-02-26T16:15:28Z,2020-09-21T23:34:47Z,donnemartin,Python,107393,138,52,306
MDEwOlJlcG9zaXRvcnk0MTg4MTkwMA==,vscode,https://github.com/microsoft/vscode,2015-09-03T20:23:38Z,2020-09-21T23:27:25Z,microsoft,TypeScript,103496,97543,92252,7927
MDEwOlJlcG9zaXRvcnkzMTc5MjgyNA==,flutter,https://github.com/flutter/flutter,2015-03-06T22:54:58Z,2020-09-21T23:34:48Z,flutter,Dart,101744,43462,35588,22630
MDEwOlJlcG9zaXRvcnk2NDk4NDky,javascript,https://github.com/airbnb/javascript,2012-11-01T23:13:50Z,2020-09-21T23:36:00Z,airbnb,JavaScript,99818,1024,948,1224
MDEwOlJlcG9zaXRvcnkyMzI1Mjk4,linux,https://github.com/torvalds/linux,2011-09-04T22:48:12Z,2020-09-21T23:30:38Z,torvalds,C,97856,0,0,761
MDEwOlJlcG9zaXRvcnk1NDM0Njc5OQ==,public-apis,https://github.com/public-apis/public-apis,2016-03-20T23:49:42Z,2020-09-21T23:44:05Z,public-apis,Python,96637,144,123,1196
MDEwOlJlcG9zaXRvcnk5NDMxNDk=,d3,https://github.com/d3/d3,2010-09-27T17:22:42Z,2020-09-21T22:28:49Z,d3,JavaScript,93767,2053,2048,1099
MDEwOlJlcG9zaXRvcnkxMjM0NTg1NTE=,Python-100-Days,https://github.com/jackfrued/Python-100-Days,2018-03-01T16:05:52Z,2020-09-21T23:38:23Z,jackfrued,Jupyter Notebook,92881,417,72,214
MDEwOlJlcG9zaXRvcnkyOTAyODc3NQ==,react-native,https://github.com/facebook/react-native,2015-01-09T18:10:16Z,2020-09-21T21:44:08Z,facebook,JavaScript,90229,20155,19371,9619
MDEwOlJlcG9zaXRvcnkxMzI0NjQzOTU=,JavaGuide,https://github.com/Snailclimb/JavaGuide,2018-05-07T13:27:00Z,2020-09-21T17:09:41Z,Snailclimb,Java,88358,461,430,472
MDEwOlJlcG9zaXRvcnkyMTI4OTExMA==,awesome-python,https://github.com/vinta/awesome-python,2014-06-27T21:00:06Z,2020-09-21T23:12:08Z,vinta,Python,86920,175,175,1408
MDEwOlJlcG9zaXRvcnk5Mzg0MjY3,electron,https://github.com/electron/electron,2013-04-12T01:47:36Z,2020-09-21T23:37:25Z,electron,C++,85899,13729,12399,11580
MDEwOlJlcG9zaXRvcnk2MzQ3NjMzNw==,Python,https://github.com/TheAlgorithms/Python,2016-07-16T09:44:01Z,2020-09-21T23:35:07Z,TheAlgorithms,Python,85882,405,401,2023
MDEwOlJlcG9zaXRvcnkxMzI3NTA3MjQ=,build-your-own-x,https://github.com/danistefanovic/build-your-own-x,2018-05-09T12:03:18Z,2020-09-21T23:39:55Z,danistefanovic,,82906,348,275,160
MDEwOlJlcG9zaXRvcnk2MzUzNzI0OQ==,create-react-app,https://github.com/facebook/create-react-app,2016-07-17T14:55:11Z,2020-09-21T22:48:46Z,facebook,JavaScript,82133,6209,5681,3302
MDEwOlJlcG9zaXRvcnkxMjY1NzcyNjA=,javascript-algorithms,https://github.com/trekhleb/javascript-algorithms,2018-03-24T07:47:04Z,2020-09-21T23:45:15Z,trekhleb,JavaScript,81335,158,100,375
MDEwOlJlcG9zaXRvcnkzNTk1NTY2Ng==,the-art-of-command-line,https://github.com/jlevy/the-art-of-command-line,2015-05-20T15:11:03Z,2020-09-21T23:25:37Z,jlevy,,80424,174,83,515
MDEwOlJlcG9zaXRvcnkyMzA4ODc0MA==,axios,https://github.com/axios/axios,2014-08-18T22:30:27Z,2020-09-21T22:40:58Z,axios,JavaScript,77177,2563,2366,723
MDEwOlJlcG9zaXRvcnkyMzA5Njk1OQ==,go,https://github.com/golang/go,2014-08-19T04:33:40Z,2020-09-21T22:10:55Z,golang,Go,76744,40029,33871,1296
MDEwOlJlcG9zaXRvcnkyNzE5Mzc3OQ==,node,https://github.com/nodejs/node,2014-11-26T19:57:11Z,2020-09-21T23:37:33Z,nodejs,JavaScript,73094,12167,11280,22416
MDEwOlJlcG9zaXRvcnkxMDM5NTIw,youtube-dl,https://github.com/ytdl-org/youtube-dl,2010-10-31T14:35:07Z,2020-09-21T22:24:39Z,ytdl-org,Python,70981,21473,18304,4000
MDEwOlJlcG9zaXRvcnkyMDU4MDQ5OA==,kubernetes,https://github.com/kubernetes/kubernetes,2014-06-06T22:56:04Z,2020-09-21T23:39:29Z,kubernetes,Go,70193,36140,34114,58763
MDEwOlJlcG9zaXRvcnkxNDA5ODA2OQ==,free-programming-books-zh_CN,https://github.com/justjavac/free-programming-books-zh_CN,2013-11-04T01:59:19Z,2020-09-21T19:43:17Z,justjavac,,69973,0,0,404
MDEwOlJlcG9zaXRvcnkxMDAwNjA5MTI=,terminal,https://github.com/microsoft/terminal,2017-08-11T18:38:22Z,2020-09-21T23:31:37Z,microsoft,C++,67973,6043,4971,1608
MDEwOlJlcG9zaXRvcnkyNTYxNTgy,animate.css,https://github.com/animate-css/animate.css,2011-10-12T10:07:38Z,2020-09-21T20:09:37Z,animate-css,CSS,67923,738,734,378
MDEwOlJlcG9zaXRvcnkxMzM0NDIzODQ=,deno,https://github.com/denoland/deno,2018-05-15T01:34:26Z,2020-09-21T20:09:59Z,denoland,TypeScript,67471,3098,2496,4460
MDEwOlJlcG9zaXRvcnk1MTExNzgzNw==,models,https://github.com/tensorflow/models,2016-02-05T01:15:20Z,2020-09-21T22:52:34Z,tensorflow,Python,66191,5836,5038,3317
MDEwOlJlcG9zaXRvcnkyNDE5NTMzOQ==,angular,https://github.com/angular/angular,2014-09-18T16:12:01Z,2020-09-21T23:30:53Z,angular,TypeScript,66155,21507,18799,16973
MDEwOlJlcG9zaXRvcnkxOTQxNTA2NA==,computer-science,https://github.com/ossu/computer-science,2014-05-04T00:18:39Z,2020-09-21T22:24:34Z,ossu,,66148,486,481,276
MDEwOlJlcG9zaXRvcnk5MDc5NjY2Mw==,puppeteer,https://github.com/puppeteer/puppeteer,2017-05-09T22:16:13Z,2020-09-21T23:26:32Z,puppeteer,TypeScript,65236,4306,3098,2093
MDEwOlJlcG9zaXRvcnkyMDkyOTAyNQ==,TypeScript,https://github.com/microsoft/TypeScript,2014-06-17T15:28:39Z,2020-09-21T22:43:03Z,microsoft,TypeScript,64456,27697,23222,12178
MDEwOlJlcG9zaXRvcnkzNDcwNDcx,Font-Awesome,https://github.com/FortAwesome/Font-Awesome,2012-02-17T14:19:43Z,2020-09-21T21:05:04Z,FortAwesome,JavaScript,63950,16493,10995,599
MDEwOlJlcG9zaXRvcnk1NzYyMDE=,three.js,https://github.com/mrdoob/three.js,2010-03-23T18:58:01Z,2020-09-21T20:15:33Z,mrdoob,JavaScript,63554,10030,9596,10284
MDEwOlJlcG9zaXRvcnkzNDUyNjg4NA==,ant-design,https://github.com/ant-design/ant-design,2015-04-24T15:37:24Z,2020-09-21T21:36:21Z,ant-design,TypeScript,63512,18833,18363,7953
MDEwOlJlcG9zaXRvcnkyNDE1NzYyNzA=,fucking-algorithm,https://github.com/labuladong/fucking-algorithm,2020-02-19T09:01:23Z,2020-09-21T23:37:22Z,labuladong,,62451,217,194,227
MDEwOlJlcG9zaXRvcnkxMTI1MDcwODY=,30-seconds-of-code,https://github.com/30-seconds/30-seconds-of-code,2017-11-29T17:35:03Z,2020-09-21T22:54:13Z,30-seconds,JavaScript,62046,258,257,909
MDEwOlJlcG9zaXRvcnkxODYzMzI5,laravel,https://github.com/laravel/laravel,2011-06-08T03:06:08Z,2020-09-21T23:41:39Z,laravel,PHP,61556,0,0,3767
MDEwOlJlcG9zaXRvcnkyMzA4MzE1Ng==,material-ui,https://github.com/mui-org/material-ui,2014-08-18T19:11:54Z,2020-09-21T23:44:57Z,mui-org,JavaScript,61128,11753,11331,10801
MDEwOlJlcG9zaXRvcnkyMjc5MDQ4OA==,java-design-patterns,https://github.com/iluwatar/java-design-patterns,2014-08-09T16:45:18Z,2020-09-21T23:30:16Z,iluwatar,Java,60705,639,410,869
MDEwOlJlcG9zaXRvcnk4ODQ2NDcwNA==,vue-element-admin,https://github.com/PanJiaChen/vue-element-admin,2017-04-17T03:35:49Z,2020-09-21T16:47:56Z,PanJiaChen,Vue,59955,2915,2204,498
MDEwOlJlcG9zaXRvcnk0NjAwNzg=,angular.js,https://github.com/angular/angular.js,2010-01-06T00:34:37Z,2020-09-21T21:05:13Z,angular,JavaScript,59499,9001,8612,7942
MDEwOlJlcG9zaXRvcnkxNjA2NDAwOTQ=,LeetCodeAnimation,https://github.com/MisterBooo/LeetCodeAnimation,2018-12-06T08:01:22Z,2020-09-21T22:01:42Z,MisterBooo,Java,59361,45,39,71
MDEwOlJlcG9zaXRvcnk3NjkxNjMx,moby,https://github.com/moby/moby,2013-01-18T18:10:57Z,2020-09-21T23:16:57Z,moby,Go,58220,20433,16776,20966
MDEwOlJlcG9zaXRvcnkyMTU0MDc1OQ==,awesome-go,https://github.com/avelino/awesome-go,2014-07-06T13:42:15Z,2020-09-21T23:35:31Z,avelino,Go,57645,237,229,2990
MDEwOlJlcG9zaXRvcnk0NDU3MTcxOA==,awesome-vue,https://github.com/vuejs/awesome-vue,2015-10-20T00:16:14Z,2020-09-21T20:39:10Z,vuejs,,56464,181,115,3255
MDEwOlJlcG9zaXRvcnkzNjc4NzMx,webpack,https://github.com/webpack/webpack,2012-03-10T10:08:14Z,2020-09-21T14:54:19Z,webpack,JavaScript,55653,7380,7122,3968
MDEwOlJlcG9zaXRvcnkzMzYxNDMwNA==,thefuck,https://github.com/nvbn/thefuck,2015-04-08T15:08:04Z,2020-09-21T22:53:39Z,nvbn,Python,55561,557,363,551
MDEwOlJlcG9zaXRvcnkzNjUzNTE1Ng==,redux,https://github.com/reduxjs/redux,2015-05-29T23:53:15Z,2020-09-21T18:07:29Z,reduxjs,TypeScript,54329,1806,1773,2039
MDEwOlJlcG9zaXRvcnkxNjcxNzQ=,jquery,https://github.com/jquery/jquery,2009-04-03T15:20:14Z,2020-09-21T23:40:59Z,jquery,JavaScript,53996,2053,1990,2654
MDEwOlJlcG9zaXRvcnk1NDE3MzU5Mw==,storybook,https://github.com/storybookjs/storybook,2016-03-18T04:23:44Z,2020-09-21T22:37:37Z,storybookjs,TypeScript,53572,6218,5563,6144
MDEwOlJlcG9zaXRvcnk0NDgzODk0OQ==,swift,https://github.com/apple/swift,2015-10-23T21:15:07Z,2020-09-21T23:33:09Z,apple,C++,53522,0,0,33881
MDEwOlJlcG9zaXRvcnk3MDEwNzc4Ng==,next.js,https://github.com/vercel/next.js,2016-10-05T23:32:51Z,2020-09-21T23:04:03Z,vercel,JavaScript,53462,7328,6812,6615
MDEwOlJlcG9zaXRvcnkxODYxNDU4,reveal.js,https://github.com/hakimel/reveal.js,2011-06-07T18:54:22Z,2020-09-21T23:23:56Z,hakimel,JavaScript,53148,1868,1365,876
MDEwOlJlcG9zaXRvcnkzMjI4NTA1,atom,https://github.com/atom/atom,2012-01-20T18:18:21Z,2020-09-21T22:10:17Z,atom,JavaScript,53040,16052,15486,4828
MDEwOlJlcG9zaXRvcnkxMDM2MzM5ODQ=,nodebestpractices,https://github.com/goldbergyoni/nodebestpractices,2017-09-15T08:33:19Z,2020-09-21T23:44:06Z,goldbergyoni,JavaScript,52679,209,193,545
MDEwOlJlcG9zaXRvcnk1OTY4OTI=,flask,https://github.com/pallets/flask,2010-04-06T11:11:59Z,2020-09-21T23:04:18Z,pallets,Python,52076,1989,1970,1743
MDEwOlJlcG9zaXRvcnk0MTY0NDgy,django,https://github.com/django/django,2012-04-28T02:47:18Z,2020-09-21T23:34:02Z,django,Python,52066,0,0,13410
MDEwOlJlcG9zaXRvcnk1MDc3NzU=,elasticsearch,https://github.com/elastic/elasticsearch,2010-02-08T13:20:56Z,2020-09-21T23:43:35Z,elastic,Java,51249,24894,22248,37675
MDEwOlJlcG9zaXRvcnk1NTc5ODA=,socket.io,https://github.com/socketio/socket.io,2010-03-11T18:24:48Z,2020-09-21T18:51:40Z,socketio,JavaScript,50698,2885,2378,746
MDEwOlJlcG9zaXRvcnkyNjUwMDc4Nw==,FiraCode,https://github.com/tonsky/FiraCode,2014-11-11T19:32:38Z,2020-09-21T22:52:49Z,tonsky,Clojure,50669,983,745,134
MDEwOlJlcG9zaXRvcnk2Mjk2Nzkw,spring-boot,https://github.com/spring-projects/spring-boot,2012-10-19T15:02:57Z,2020-09-21T23:38:25Z,spring-projects,Java,50646,18875,18388,4412
MDEwOlJlcG9zaXRvcnk3NjAwNDA5,shadowsocks-windows,https://github.com/shadowsocks/shadowsocks-windows,2013-01-14T07:54:16Z,2020-09-21T20:09:46Z,shadowsocks,C#,50477,2557,2503,387
MDEwOlJlcG9zaXRvcnk4ODQzNjgz,Chart.js,https://github.com/chartjs/Chart.js,2013-03-17T23:56:36Z,2020-09-21T20:58:21Z,chartjs,JavaScript,50334,5371,5016,2408
MDEwOlJlcG9zaXRvcnkyMzcxNTk=,express,https://github.com/expressjs/express,2009-06-26T18:56:01Z,2020-09-21T23:04:24Z,expressjs,JavaScript,50180,3373,3277,1007
MDEwOlJlcG9zaXRvcnkzMzAxNTU4Mw==,keras,https://github.com/keras-team/keras,2015-03-28T00:35:42Z,2020-09-21T23:13:30Z,keras-team,Python,49788,10261,7189,3935
MDEwOlJlcG9zaXRvcnkxNDc0NzU5OA==,json-server,https://github.com/typicode/json-server,2013-11-27T13:21:13Z,2020-09-21T23:31:22Z,typicode,JavaScript,49601,898,405,261
MDEwOlJlcG9zaXRvcnkxODQwODYzNQ==,Apollo-11,https://github.com/chrislgarry/Apollo-11,2014-04-03T15:45:02Z,2020-09-21T21:17:34Z,chrislgarry,Assembly,49033,364,281,323
MDEwOlJlcG9zaXRvcnkzNjYzMzM3MA==,awesome-selfhosted,https://github.com/awesome-selfhosted/awesome-selfhosted,2015-06-01T02:33:17Z,2020-09-21T22:37:07Z,awesome-selfhosted,JavaScript,48588,545,469,1670
MDEwOlJlcG9zaXRvcnkxMDc0NDE4Mw==,netdata,https://github.com/netdata/netdata,2013-06-17T18:39:10Z,2020-09-21T23:35:28Z,netdata,C,48500,5768,5127,4176
MDEwOlJlcG9zaXRvcnk5MzA5MDkz,Semantic-UI,https://github.com/Semantic-Org/Semantic-UI,2013-04-08T23:32:04Z,2020-09-21T23:37:34Z,Semantic-Org,JavaScript,48475,6128,5220,867
MDEwOlJlcG9zaXRvcnk1MTA4MDUx,opencv,https://github.com/opencv/opencv,2012-07-19T09:40:17Z,2020-09-21T22:30:57Z,opencv,C++,48420,7185,5317,11149
MDEwOlJlcG9zaXRvcnk3MjQ3MTI=,rust,https://github.com/rust-lang/rust,2010-06-16T20:39:03Z,2020-09-21T23:42:05Z,rust-lang,Rust,48357,35984,30044,40922
MDEwOlJlcG9zaXRvcnk0MzExNzk2,markdown-here,https://github.com/adam-p/markdown-here,2012-05-13T03:27:22Z,2020-09-21T23:32:06Z,adam-p,JavaScript,48275,557,299,61
MDEwOlJlcG9zaXRvcnkzNTQ0NDI0,httpie,https://github.com/httpie/httpie,2012-02-25T12:39:13Z,2020-09-21T23:41:02Z,httpie,Python,48127,633,528,273
MDEwOlJlcG9zaXRvcnk4MTk3NTM3Mg==,interviews,https://github.com/kdn251/interviews,2017-02-14T18:19:25Z,2020-09-21T23:45:41Z,kdn251,Java,47774,44,17,122
MDEwOlJlcG9zaXRvcnkxMjgzOTg2MzY=,architect-awesome,https://github.com/xingshaocheng/architect-awesome,2018-04-06T13:30:58Z,2020-09-21T20:22:47Z,xingshaocheng,,47485,64,19,70
MDEwOlJlcG9zaXRvcnkxNTE4MzQwNjI=,advanced-java,https://github.com/doocs/advanced-java,2018-10-06T11:38:30Z,2020-09-21T17:10:48Z,doocs,Java,47435,107,94,80
MDEwOlJlcG9zaXRvcnk2NzI3NDczNg==,element,https://github.com/ElemeFE/element,2016-09-03T06:19:26Z,2020-09-21T18:51:39Z,ElemeFE,Vue,47327,15734,14097,4444
MDEwOlJlcG9zaXRvcnk1MjYzMTg0MQ==,realworld,https://github.com/gothinkster/realworld,2016-02-26T20:49:53Z,2020-09-21T22:46:32Z,gothinkster,JavaScript,47167,375,157,178
MDEwOlJlcG9zaXRvcnkzNjA0MDg5NA==,gatsby,https://github.com/gatsbyjs/gatsby,2015-05-21T22:43:05Z,2020-09-21T22:31:37Z,gatsbyjs,JavaScript,46984,11581,10979,15371
MDEwOlJlcG9zaXRvcnk0ODY1NTA=,html5-boilerplate,https://github.com/h5bp/html5-boilerplate,2010-01-24T18:03:24Z,2020-09-21T23:20:47Z,h5bp,JavaScript,46793,1185,1184,1115
MDEwOlJlcG9zaXRvcnkxMTE4MDY4Nw==,hugo,https://github.com/gohugoio/hugo,2013-07-04T15:26:26Z,2020-09-21T21:25:38Z,gohugoio,Go,46733,4908,4426,2773
MDEwOlJlcG9zaXRvcnkyMTg3MjM5Mg==,awesome-machine-learning,https://github.com/josephmisiti/awesome-machine-learning,2014-07-15T19:11:19Z,2020-09-21T22:34:21Z,josephmisiti,Python,46688,66,65,647
MDEwOlJlcG9zaXRvcnkzOTU1NjQ3,lodash,https://github.com/lodash/lodash,2012-04-07T04:11:46Z,2020-09-21T21:18:02Z,lodash,JavaScript,46562,3784,3685,1126
MDEwOlJlcG9zaXRvcnk4NTE0,rails,https://github.com/rails/rails,2008-04-11T02:19:47Z,2020-09-21T23:32:03Z,rails,Ruby,46506,14045,13673,26023
MDEwOlJlcG9zaXRvcnkxMzM0MzY5,resume.github.com,https://github.com/resume/resume.github.com,2011-02-06T13:39:55Z,2020-09-21T21:21:41Z,resume,JavaScript,46202,86,56,175
MDEwOlJlcG9zaXRvcnk2MDk0Njgz,bootstrap,https://github.com/angular-ui/bootstrap,2012-10-05T18:27:01Z,2020-09-21T20:58:21Z,angular-ui,JavaScript,14601,4455,4185,2270
MDEwOlJlcG9zaXRvcnk0Mzc5NzcxOA==,recompose,https://github.com/acdlite/recompose,2015-10-07T05:54:51Z,2020-09-21T16:26:54Z,acdlite,JavaScript,14598,430,374,386
MDEwOlJlcG9zaXRvcnkxOTk5NDI1Nw==,delve,https://github.com/go-delve/delve,2014-05-20T19:24:43Z,2020-09-21T14:22:54Z,go-delve,Go,14588,1126,1027,1049
MDEwOlJlcG9zaXRvcnkxNzA2Njg4NA==,pyspider,https://github.com/binux/pyspider,2014-02-21T19:18:47Z,2020-09-21T21:05:55Z,binux,Python,14583,795,542,160
MDEwOlJlcG9zaXRvcnk5NDA2MTMwNw==,ink,https://github.com/vadimdemedes/ink,2017-06-12T06:12:28Z,2020-09-21T18:55:12Z,vadimdemedes,TypeScript,14579,199,177,180
MDEwOlJlcG9zaXRvcnkxMjM1ODA5Nw==,IQKeyboardManager,https://github.com/hackiftekhar/IQKeyboardManager,2013-08-25T11:32:48Z,2020-09-21T15:58:38Z,hackiftekhar,Objective-C,14565,1575,1523,178
MDEwOlJlcG9zaXRvcnk2MTk4NDk=,spf13-vim,https://github.com/spf13/spf13-vim,2010-04-20T16:20:16Z,2020-09-21T02:49:00Z,spf13,Vim script,14564,722,412,384
MDEwOlJlcG9zaXRvcnkxMjA4ODc4MzU=,interview,https://github.com/huihut/interview,2018-02-09T09:49:48Z,2020-09-21T15:24:31Z,huihut,C++,14561,36,34,31
MDEwOlJlcG9zaXRvcnkxMzgxMjgz,solarized,https://github.com/altercation/solarized,2011-02-18T05:18:27Z,2020-09-21T03:11:13Z,altercation,Vim script,14559,245,96,154
MDEwOlJlcG9zaXRvcnkxMDUwMzYyMzY=,draggable,https://github.com/Shopify/draggable,2017-09-27T15:31:23Z,2020-09-21T23:10:40Z,Shopify,JavaScript,14555,241,145,195
MDEwOlJlcG9zaXRvcnk4OTAxMjQyNw==,react-sketchapp,https://github.com/airbnb/react-sketchapp,2017-04-21T18:27:39Z,2020-09-21T13:58:32Z,airbnb,TypeScript,14522,292,266,226
MDEwOlJlcG9zaXRvcnk3NjM0MjI0Mg==,rough,https://github.com/rough-stuff/rough,2016-12-13T09:12:55Z,2020-09-21T21:17:54Z,rough-stuff,TypeScript,14518,106,89,63
MDEwOlJlcG9zaXRvcnk3NTQyNTA3Mw==,rxdb,https://github.com/pubkey/rxdb,2016-12-02T19:34:42Z,2020-09-21T21:37:46Z,pubkey,TypeScript,14516,403,399,2125
MDEwOlJlcG9zaXRvcnkxMTM5MzExMA==,cli,https://github.com/urfave/cli,2013-07-13T19:32:06Z,2020-09-21T21:40:22Z,urfave,Go,14502,550,505,637
MDEwOlJlcG9zaXRvcnkzMDE2MTY2NQ==,inferno,https://github.com/infernojs/inferno,2015-02-01T22:07:38Z,2020-09-21T04:10:36Z,infernojs,JavaScript,14493,824,788,696
MDEwOlJlcG9zaXRvcnkyMzExMjUyNg==,Android-CleanArchitecture,https://github.com/android10/Android-CleanArchitecture,2014-08-19T14:09:26Z,2020-09-21T18:38:20Z,android10,Java,14493,246,122,54
MDEwOlJlcG9zaXRvcnkxMjQ4ODM3NA==,Best-App,https://github.com/hzlzh/Best-App,2013-08-30T14:32:19Z,2020-09-21T10:03:40Z,hzlzh,,14485,68,36,56
MDEwOlJlcG9zaXRvcnk1Njg5OTI4NA==,insomnia,https://github.com/Kong/insomnia,2016-04-23T03:54:26Z,2020-09-21T21:49:28Z,Kong,JavaScript,14481,1936,1450,708
MDEwOlJlcG9zaXRvcnk2MDAyNzUzNA==,Awesome,https://github.com/Awesome-Windows/Awesome,2016-05-30T17:27:35Z,2020-09-21T19:52:40Z,Awesome-Windows,,14465,76,69,279
MDEwOlJlcG9zaXRvcnkxNTU2NjIzMDY=,homemade-machine-learning,https://github.com/trekhleb/homemade-machine-learning,2018-11-01T04:34:19Z,2020-09-21T20:20:24Z,trekhleb,Jupyter Notebook,14452,18,7,12
MDEwOlJlcG9zaXRvcnk0MDgwODU3MQ==,gotty,https://github.com/yudai/gotty,2015-08-16T09:48:33Z,2020-09-21T16:41:13Z,yudai,Go,14437,196,120,92
MDEwOlJlcG9zaXRvcnkyNjc4NDgyNw==,core,https://github.com/dotnet/core,2014-11-18T00:44:57Z,2020-09-21T17:07:17Z,dotnet,Shell,14416,3566,3314,1211
MDEwOlJlcG9zaXRvcnk1NDQ4NTMw,ratchet,https://github.com/twbs/ratchet,2012-08-17T05:41:57Z,2020-09-17T17:12:05Z,twbs,CSS,14415,536,334,335
MDEwOlJlcG9zaXRvcnkxNzQwMzgwMzE=,react-hook-form,https://github.com/react-hook-form/react-hook-form,2019-03-05T23:47:10Z,2020-09-21T22:44:13Z,react-hook-form,TypeScript,14397,1447,1445,959
MDEwOlJlcG9zaXRvcnkxOTk1NzAwNzE=,v2rayN,https://github.com/2dust/v2rayN,2019-07-30T03:47:24Z,2020-09-21T19:03:00Z,2dust,C#,14391,937,659,70
MDEwOlJlcG9zaXRvcnk2NTg1MTg=,ipython,https://github.com/ipython/ipython,2010-05-10T04:46:06Z,2020-09-21T09:22:46Z,ipython,Python,14391,6464,5117,6030
MDEwOlJlcG9zaXRvcnk0NjgwNjE4NA==,charts,https://github.com/helm/charts,2015-11-24T17:05:28Z,2020-09-21T23:16:13Z,helm,Go,14390,6160,6048,17623
MDEwOlJlcG9zaXRvcnkxNTgyMzQ2MA==,redisson,https://github.com/redisson/redisson,2014-01-11T14:06:25Z,2020-09-21T22:14:28Z,redisson,Java,14349,2729,2569,331
MDEwOlJlcG9zaXRvcnk0OTIxNzAwNw==,setup-ipsec-vpn,https://github.com/hwdsl2/setup-ipsec-vpn,2016-01-07T16:44:12Z,2020-09-21T12:52:21Z,hwdsl2,Shell,14329,792,792,55
MDEwOlJlcG9zaXRvcnkyNTQyNzgxNw==,react-dnd,https://github.com/react-dnd/react-dnd,2014-10-19T13:29:28Z,2020-09-21T20:27:16Z,react-dnd,TypeScript,14326,1294,1133,1461
MDEwOlJlcG9zaXRvcnkyODg5MzI4,WordPress,https://github.com/WordPress/WordPress,2011-12-01T07:05:17Z,2020-09-21T22:56:16Z,WordPress,PHP,14307,0,0,482
MDEwOlJlcG9zaXRvcnkxMzE0MjEyNg==,riot,https://github.com/riot/riot,2013-09-27T05:21:01Z,2020-09-21T22:29:43Z,riot,JavaScript,14300,2105,2101,754
MDEwOlJlcG9zaXRvcnk0OTAwOTk1MA==,HowToBeAProgrammer,https://github.com/braydie/HowToBeAProgrammer,2016-01-04T16:47:54Z,2020-09-21T14:32:42Z,braydie,,14296,21,17,99
MDEwOlJlcG9zaXRvcnk4MjA1NjAy,mybatis-3,https://github.com/mybatis/mybatis-3,2013-02-14T19:03:32Z,2020-09-21T23:50:32Z,mybatis,Java,14284,1036,916,1023
MDEwOlJlcG9zaXRvcnk3MDEwNzI0,cat,https://github.com/dianping/cat,2012-12-05T02:31:48Z,2020-09-21T11:16:31Z,dianping,Java,14267,1044,969,994
MDEwOlJlcG9zaXRvcnkyNTEzODM1NTM=,CnC_Remastered_Collection,https://github.com/electronicarts/CnC_Remastered_Collection,2020-03-30T17:48:04Z,2020-09-21T23:09:04Z,electronicarts,C++,14260,82,16,21
MDEwOlJlcG9zaXRvcnk4MTczNDU=,git-extras,https://github.com/tj/git-extras,2010-08-04T16:32:07Z,2020-09-21T15:57:30Z,tj,Shell,14259,320,230,553
MDEwOlJlcG9zaXRvcnk1NjMxNTcxNQ==,NativeBase,https://github.com/GeekyAnts/NativeBase,2016-04-15T11:37:23Z,2020-09-21T22:40:40Z,GeekyAnts,JavaScript,14252,2507,2345,743
MDEwOlJlcG9zaXRvcnk2NTA4MzMxNg==,Awesome-Linux-Software,https://github.com/luong-komorebi/Awesome-Linux-Software,2016-08-06T13:16:29Z,2020-09-21T21:41:11Z,luong-komorebi,Python,14249,104,94,411
MDEwOlJlcG9zaXRvcnkyOTIxNzA1NA==,go-micro,https://github.com/micro/go-micro,2015-01-13T23:30:18Z,2020-09-21T19:04:33Z,micro,Go,14242,705,675,1301
MDEwOlJlcG9zaXRvcnkxMTA3NTUyNw==,vim-airline,https://github.com/vim-airline/vim-airline,2013-06-30T18:49:56Z,2020-09-21T21:02:42Z,vim-airline,Vim script,14231,1527,1504,713
MDEwOlJlcG9zaXRvcnkxNzkwNTY0,handsontable,https://github.com/handsontable/handsontable,2011-05-23T22:38:58Z,2020-09-21T19:46:16Z,handsontable,JavaScript,14230,6190,5519,1019
MDEwOlJlcG9zaXRvcnkxMjYzNjU5NjU=,litemall,https://github.com/linlinjava/litemall,2018-03-22T16:42:30Z,2020-09-21T23:44:25Z,linlinjava,Java,14230,295,265,134
MDEwOlJlcG9zaXRvcnkxMzg4MDYxMjk=,download,https://github.com/getlantern/download,2018-06-26T23:52:16Z,2020-09-21T18:27:52Z,getlantern,,14214,0,0,4
MDEwOlJlcG9zaXRvcnkxMzU1MTYyNzA=,k3s,https://github.com/rancher/k3s,2018-05-31T01:37:46Z,2020-09-21T20:52:28Z,rancher,Go,14210,1478,842,814
MDEwOlJlcG9zaXRvcnkxMzc0NTE0MDM=,nacos,https://github.com/alibaba/nacos,2018-06-15T06:49:27Z,2020-09-21T13:48:57Z,alibaba,Java,14191,2795,2479,1056
MDEwOlJlcG9zaXRvcnk4Mzg1NjE2,toml,https://github.com/toml-lang/toml,2013-02-24T03:03:57Z,2020-09-21T21:05:40Z,toml-lang,Python,14184,381,355,384
MDEwOlJlcG9zaXRvcnkyMDU4NzU5OQ==,flink,https://github.com/apache/flink,2014-06-07T07:00:10Z,2020-09-21T20:53:45Z,apache,Java,14183,0,0,13432
MDEwOlJlcG9zaXRvcnk4NzYyNDg3MA==,SpringCloudLearning,https://github.com/forezp/SpringCloudLearning,2017-04-08T10:06:56Z,2020-09-21T16:08:56Z,forezp,Java,14182,45,11,13
MDEwOlJlcG9zaXRvcnk0NTE0Nzg0MQ==,prepack,https://github.com/facebook/prepack,2015-10-28T23:25:08Z,2020-09-21T06:56:09Z,facebook,JavaScript,14159,767,577,1851
MDEwOlJlcG9zaXRvcnk2NjQyNDg3MQ==,examples,https://github.com/pytorch/examples,2016-08-24T03:12:48Z,2020-09-21T22:31:08Z,pytorch,Python,14146,429,221,389
MDEwOlJlcG9zaXRvcnkyMTUxNTA0NA==,awesome-datascience,https://github.com/academic/awesome-datascience,2014-07-05T07:07:43Z,2020-09-21T17:14:24Z,academic,,14146,34,32,164
MDEwOlJlcG9zaXRvcnkyMTExMjQ2OTc=,spleeter,https://github.com/deezer/spleeter,2019-09-26T15:40:46Z,2020-09-21T21:49:05Z,deezer,Python,14140,439,347,54
MDEwOlJlcG9zaXRvcnk2MzIyNjU4OA==,react-admin,https://github.com/marmelab/react-admin,2016-07-13T07:58:54Z,2020-09-21T19:55:14Z,marmelab,TypeScript,14134,2652,2537,2634
MDEwOlJlcG9zaXRvcnkyNTA5NTIzOQ==,lazysizes,https://github.com/aFarkas/lazysizes,2014-10-11T21:03:26Z,2020-09-21T23:41:36Z,aFarkas,JavaScript,14127,707,571,113
MDEwOlJlcG9zaXRvcnkzMjgy,nerdtree,https://github.com/preservim/nerdtree,2008-03-10T07:34:08Z,2020-09-21T20:55:23Z,preservim,Vim script,14126,796,788,378
MDEwOlJlcG9zaXRvcnkyMTgxMDIxNjI=,BullshitGenerator,https://github.com/menzi11/BullshitGenerator,2019-10-28T17:05:51Z,2020-09-21T15:35:41Z,menzi11,JavaScript,14115,141,28,49
MDEwOlJlcG9zaXRvcnkzMTIyNjI=,vimium,https://github.com/philc/vimium,2009-09-20T07:08:19Z,2020-09-21T16:41:31Z,philc,JavaScript,14102,2699,1957,947
MDEwOlJlcG9zaXRvcnk1OTcyMDE5MA==,sanic,https://github.com/huge-success/sanic,2016-05-26T04:38:22Z,2020-09-21T16:01:34Z,huge-success,Python,14100,917,859,1012
MDEwOlJlcG9zaXRvcnkzMjY2ODg=,mustache.js,https://github.com/janl/mustache.js,2009-10-04T23:41:19Z,2020-09-20T21:38:39Z,janl,JavaScript,14091,432,376,322
MDEwOlJlcG9zaXRvcnk0MDQ0ODkx,realm-cocoa,https://github.com/realm/realm-cocoa,2012-04-16T20:06:56Z,2020-09-21T21:29:20Z,realm,Objective-C,14083,4161,3808,2585
MDEwOlJlcG9zaXRvcnkzNjI1NjU0MA==,css-modules,https://github.com/css-modules/css-modules,2015-05-25T21:54:47Z,2020-09-21T04:23:46Z,css-modules,,14080,310,221,43
MDEwOlJlcG9zaXRvcnkxMjA0NDEzMg==,bitcoinbook,https://github.com/bitcoinbook/bitcoinbook,2013-08-11T23:18:28Z,2020-09-21T22:08:03Z,bitcoinbook,Python,13994,269,222,425
MDEwOlJlcG9zaXRvcnk4MzUxNjQ5OA==,pytudes,https://github.com/norvig/pytudes,2017-03-01T05:43:35Z,2020-09-21T19:39:19Z,norvig,Jupyter Notebook,13992,23,15,62
MDEwOlJlcG9zaXRvcnkzODM0MzMy,bokeh,https://github.com/bokeh/bokeh,2012-03-26T15:40:01Z,2020-09-21T23:29:03Z,bokeh,Python,13987,6158,5594,4351
MDEwOlJlcG9zaXRvcnk0MTM0OTAzOQ==,dgraph,https://github.com/dgraph-io/dgraph,2015-08-25T07:15:56Z,2020-09-21T22:07:04Z,dgraph-io,Go,13983,2302,2302,4214
MDEwOlJlcG9zaXRvcnkxODM1MTg0OA==,lowdb,https://github.com/typicode/lowdb,2014-04-02T02:16:06Z,2020-09-21T21:12:02Z,typicode,JavaScript,13973,315,222,106
MDEwOlJlcG9zaXRvcnkzNzYyNzc5Mg==,react-helmet,https://github.com/nfl/react-helmet,2015-06-18T00:07:34Z,2020-09-21T19:51:57Z,nfl,JavaScript,13957,331,204,278
MDEwOlJlcG9zaXRvcnkzODgzNjAxNQ==,aos,https://github.com/michalsnik/aos,2015-07-09T17:49:00Z,2020-09-21T22:17:03Z,michalsnik,JavaScript,13934,503,325,116
MDEwOlJlcG9zaXRvcnkxNTYwODQ1MzA=,nps,https://github.com/ehang-io/nps,2018-11-04T13:22:51Z,2020-09-21T16:55:44Z,ehang-io,Go,13927,565,502,69
MDEwOlJlcG9zaXRvcnkxMjM4NzAzMTU=,tfjs,https://github.com/tensorflow/tfjs,2018-03-05T05:41:02Z,2020-09-21T23:46:33Z,tensorflow,TypeScript,13927,2378,1970,1565
MDEwOlJlcG9zaXRvcnkxNzgyOTQ4MQ==,data,https://github.com/fivethirtyeight/data,2014-03-17T13:49:17Z,2020-09-21T20:07:26Z,fivethirtyeight,Jupyter Notebook,13921,109,76,91
MDEwOlJlcG9zaXRvcnk4NDI0MDQw,p5.js,https://github.com/processing/p5.js,2013-02-26T03:14:47Z,2020-09-21T23:15:58Z,processing,JavaScript,13918,2783,2681,1953
MDEwOlJlcG9zaXRvcnkyMTQ4NDc4MQ==,jumpserver,https://github.com/jumpserver/jumpserver,2014-07-04T03:54:59Z,2020-09-21T21:18:53Z,jumpserver,JavaScript,13914,2787,2650,1871
MDEwOlJlcG9zaXRvcnkyNTA1MDg0NA==,Carthage,https://github.com/Carthage/Carthage,2014-10-10T19:54:55Z,2020-09-21T14:28:44Z,Carthage,Swift,13911,1927,1780,1096
MDEwOlJlcG9zaXRvcnk1MzYxOTMwMw==,f8app,https://github.com/fbsamples/f8app,2016-03-10T21:45:12Z,2020-09-21T02:13:59Z,fbsamples,JavaScript,13907,203,187,71
MDEwOlJlcG9zaXRvcnkzNTY4NTAzNA==,react-native-vector-icons,https://github.com/oblador/react-native-vector-icons,2015-05-15T16:38:57Z,2020-09-21T22:32:17Z,oblador,JavaScript,13895,985,711,265
MDEwOlJlcG9zaXRvcnkxMjc3NjkyMzE=,RSSHub,https://github.com/DIYgod/RSSHub,2018-04-02T14:43:21Z,2020-09-21T18:52:15Z,DIYgod,JavaScript,13893,2203,2023,3489
MDEwOlJlcG9zaXRvcnkxMTU2NzU3ODg=,wechat_jump_game,https://github.com/wangshub/wechat_jump_game,2017-12-29T02:00:19Z,2020-09-21T12:20:40Z,wangshub,Python,13892,984,958,262
MDEwOlJlcG9zaXRvcnkzNTczMjIxNA==,SwiftLint,https://github.com/realm/SwiftLint,2015-05-16T16:59:31Z,2020-09-21T19:10:51Z,realm,Swift,13862,1724,1331,1615
MDEwOlJlcG9zaXRvcnkyOTI0NzQ0NA==,blessed-contrib,https://github.com/yaronn/blessed-contrib,2015-01-14T14:18:07Z,2020-09-21T14:12:11Z,yaronn,JavaScript,13857,120,60,80
MDEwOlJlcG9zaXRvcnkxMzQyODI2NA==,ShareX,https://github.com/ShareX/ShareX,2013-10-08T23:32:10Z,2020-09-21T23:12:14Z,ShareX,C#,13843,4211,3849,822
MDEwOlJlcG9zaXRvcnkyNTQ0OTA2NA==,leetcode,https://github.com/haoel/leetcode,2014-10-20T03:22:04Z,2020-09-21T13:09:27Z,haoel,C++,13839,51,34,155
MDEwOlJlcG9zaXRvcnk2OTYyNjU3Ng==,awesome-spider,https://github.com/facert/awesome-spider,2016-09-30T02:33:03Z,2020-09-21T16:56:34Z,facert,,13835,31,15,45
MDEwOlJlcG9zaXRvcnkxNTIyNTY3MA==,jitsi-meet,https://github.com/jitsi/jitsi-meet,2013-12-16T12:51:09Z,2020-09-21T23:04:46Z,jitsi,JavaScript,13833,3816,3413,3908
MDEwOlJlcG9zaXRvcnkxMzc3ODY3,locust,https://github.com/locustio/locust,2011-02-17T11:08:03Z,2020-09-21T16:27:20Z,locustio,Python,13826,1008,973,551
MDEwOlJlcG9zaXRvcnkxNTgzMzY2NzU=,OnJava8,https://github.com/LingCoder/OnJava8,2018-11-20T05:41:18Z,2020-09-21T21:23:00Z,LingCoder,,13826,161,134,429
MDEwOlJlcG9zaXRvcnk3NjM0Njc3,openssl,https://github.com/openssl/openssl,2013-01-15T22:34:48Z,2020-09-21T20:29:55Z,openssl,C,13826,4680,3531,8223
MDEwOlJlcG9zaXRvcnkxNzgwNDU4NA==,java8-tutorial,https://github.com/winterbe/java8-tutorial,2014-03-16T17:25:43Z,2020-09-21T21:02:32Z,winterbe,Java,13814,0,0,37
MDEwOlJlcG9zaXRvcnk3NjkzNzk5,ui-router,https://github.com/angular-ui/ui-router,2013-01-18T20:26:29Z,2020-09-21T20:59:23Z,angular-ui,TypeScript,13814,3162,3153,656
MDEwOlJlcG9zaXRvcnk0MzU2ODgzMg==,Perfect,https://github.com/PerfectlySoft/Perfect,2015-10-02T18:20:08Z,2020-09-21T12:43:57Z,PerfectlySoft,Swift,13809,185,136,109
MDEwOlJlcG9zaXRvcnk0MTc2NjAwMg==,amphtml,https://github.com/ampproject/amphtml,2015-09-01T22:10:53Z,2020-09-21T23:31:16Z,ampproject,JavaScript,13794,11489,9622,18693
MDEwOlJlcG9zaXRvcnkxODIwOTczMDU=,PySnooper,https://github.com/cool-RR/PySnooper,2019-04-18T13:55:43Z,2020-09-21T18:01:48Z,cool-RR,Python,13778,101,86,95
MDEwOlJlcG9zaXRvcnk3ODE4NjgxNA==,incubator-weex,https://github.com/apache/incubator-weex,2017-01-06T08:00:06Z,2020-09-21T03:16:28Z,apache,C++,13777,888,693,2370
MDEwOlJlcG9zaXRvcnk3MzU2MTY1MA==,linux-command,https://github.com/jaywcjlove/linux-command,2016-11-12T15:44:26Z,2020-09-21T23:49:19Z,jaywcjlove,HTML,13771,62,42,132
MDEwOlJlcG9zaXRvcnkzMTE2ODU3OA==,functional-programming-jargon,https://github.com/hemanth/functional-programming-jargon,2015-02-22T16:04:42Z,2020-09-21T07:26:15Z,hemanth,,13762,63,42,143
MDEwOlJlcG9zaXRvcnkxMjgwMTg0Mjg=,Sentinel,https://github.com/alibaba/Sentinel,2018-04-04T06:37:33Z,2020-09-21T17:21:17Z,alibaba,Java,13757,1189,989,557
MDEwOlJlcG9zaXRvcnkxOTQ2MzYyNQ==,nginx-proxy,https://github.com/nginx-proxy/nginx-proxy,2014-05-05T17:01:40Z,2020-09-21T22:43:45Z,nginx-proxy,Python,13753,1102,560,395
MDEwOlJlcG9zaXRvcnkxMzQwNDUxNQ==,HikariCP,https://github.com/brettwooldridge/HikariCP,2013-10-08T05:43:03Z,2020-09-21T20:30:32Z,brettwooldridge,Java,13750,1338,1096,316
MDEwOlJlcG9zaXRvcnkyODUxMzM5OA==,Spring,https://github.com/MengTo/Spring,2014-12-26T14:57:02Z,2020-09-19T07:23:29Z,MengTo,Swift,13732,222,90,118
